start_time_s,end_time_s,pitch_midi,velocity,pitch_bend
155.81316009070295,156.6142485260771,29,97,0,0,0,0,0,0,0,0,0,0,0,0,0,0,0,0,0,0,0,0,0,0,0,0,0,0,0,0,0,0,0,0,0,0,0,0,0,0,0,0,0,0,0,0,0,0,0,0,0,0,0,0,0,0,0,0,0,0,0,0,0,0,0,0,0,0,0,0,0
154.17486938775508,154.9527378684807,74,73,0,0,0,0,0,2,2,-1,-1,-1,1,1,1,0,0,0,0,0,0,1,1,2,2,1,1,1,1,1,1,1,1,1,0,1,1,1,1,1,1,1,1,1,1,1,1,1,1,1,1,1,1,1,1,1,1,1,1,1,1,1,1,1,1,1,1,1,1
154.17486938775508,154.9295179138322,38,74,0,0,0,0,0,0,0,0,0,0,0,0,0,0,1,1,1,1,1,1,1,1,0,0,0,0,0,0,0,0,0,0,0,0,0,0,0,0,0,0,0,0,0,0,0,0,0,0,1,1,1,1,1,1,1,1,1,1,1,1,1,1,1,0,0
153.08353151927437,153.36217097505667,74,55,1,1,1,1,1,2,1,1,1,0,1,1,1,0,0,0,0,0,0,0,0,0,1,1
152.9313179138322,153.08353151927437,74,63,-1,0,0,0,1,2,2,1,1,1,1,1,1,1
152.79199818594105,152.9313179138322,74,70,1,1,1,2,2,2,2,1,1,2,2,-1
152.58301859410432,152.79199818594105,74,84,1,1,1,1,1,1,1,1,1,1,1,1,1,1,2,2,2,2
152.38564897959185,152.58301859410432,74,85,1,1,1,1,1,1,1,1,1,1,1,1,1,1,1,1,1
151.97929977324264,152.1418394557823,86,50,1,1,1,1,1,1,1,1,1,1,1,1,1,1
151.96768979591837,152.1186195011338,74,65,1,1,1,1,1,1,1,1,1,1,2,2,2
151.6193904761905,151.79354013605442,75,61,1,1,1,1,1,1,0,0,0,0,0,0,0,1,1
151.43363083900226,151.63100045351473,67,67,1,1,1,1,1,1,1,1,1,1,1,1,1,1,1,1,1
151.2943111111111,151.53812063492063,79,69,1,1,1,1,1,1,1,1,1,1,1,1,1,1,1,1,1,1,1,1,1
150.967947845805,151.1433814058957,80,69,1,1,1,1,1,1,1,1,1,1,1,1,1,1,1,1
150.6196485260771,150.75896825396828,86,47,1,1,1,1,1,1,1,1,1,1,1,1
150.60803854875286,150.8402380952381,74,66,1,1,1,1,1,1,1,1,1,1,1,1,1,1,1,1,1,1,1,1
150.2713492063492,150.41066893424036,74,59,1,1,1,1,1,1,1,1,1,1,1,1
150.08558956916102,150.22490929705216,79,71,1,1,1,1,1,1,1,0,0,0,1,2
149.94626984126987,150.08558956916102,79,80,0,1,1,1,1,1,1,1,1,1,1,1
149.9346598639456,150.19007936507938,67,49,1,1,1,1,1,0,0,0,0,0,0,0,0,0,1,1,1,1,1,1,1,1
149.59797052154195,149.78373015873018,80,73,1,1,1,1,1,1,1,1,1,1,1,1,1,1,1,1
149.59797052154195,149.8069501133787,68,55,1,1,1,1,1,1,1,1,1,1,1,1,1,1,1,1,1,1
149.26128117913834,149.4586507936508,86,47,1,1,1,1,1,1,1,1,1,1,1,1,1,1,1,1,1
149.26128117913834,149.53992063492063,74,50,1,1,1,1,1,1,1,1,1,1,1,1,1,1,1,1,1,1,1,1,1,1,1,1
148.92330793650794,149.0523015873016,75,68,0,0,0,1,1,1,1,1,1,0,0,0
148.57500861678005,148.74915827664398,79,69,1,1,1,1,1,1,1,1,1,1,1,1,1,1,1
148.57500861678005,148.81881814058957,67,52,1,1,1,1,1,1,1,1,1,1,1,1,1,1,1,1,1,1,1,1,1
148.22670929705214,148.44729886621315,80,70,1,1,1,1,1,1,0,0,1,1,1,1,1,1,1,1,1,1,1
147.87840997732425,148.1454394557823,74,68,1,1,1,1,1,1,1,1,1,0,0,0,1,1,1,1,1,1,1,1,1,1,1
147.5533306122449,147.87840997732425,74,56,1,1,1,1,1,1,1,1,1,1,1,1,1,1,1,1,1,1,1,1,1,1,1,2,1,1,1,1
147.19342131519275,147.5533306122449,74,62,1,1,1,1,1,1,0,0,0,0,2,2,2,2,1,1,1,1,1,1,1,1,1,1,1,1,1,1,1,1,1
146.9018879818594,147.05410158730157,80,75,1,1,1,1,1,1,1,1,1,1,1,1,1,1
146.530368707483,146.73934829931974,86,48,1,1,1,1,1,1,1,1,1,1,1,1,1,1,1,1,1,1
146.51875873015874,146.79739818594106,74,68,1,1,1,1,1,1,1,1,1,1,1,1,1,1,1,1,1,1,1,1,1,1,1,1
146.19367936507936,146.3794390022676,75,62,0,0,0,0,0,0,0,0,0,0,0,0,1,0,0,0
145.98469977324262,146.1240195011338,67,68,1,1,1,1,1,1,1,1,1,1,1,1
145.8337700680272,146.07757959183675,79,75,2,1,1,1,1,1,1,1,1,1,1,1,1,1,1,1,1,1,1,1,1
145.8337700680272,145.98469977324262,67,54,1,1,1,1,1,1,1,1,1,1,1,1,1
145.4970807256236,145.65962040816328,80,64,1,1,1,1,1,1,1,1,1,1,1,1,1,1
145.4970807256236,145.6828403628118,68,50,0,0,1,1,1,1,1,1,1,1,1,1,1,1,1,1
145.16039138321997,145.32293106575963,86,50,1,1,1,1,1,1,1,1,1,1,1,1,1,1
145.1487814058957,145.3113210884354,74,66,1,1,1,1,1,1,1,1,1,1,1,1,1,1
144.83402811791382,145.1487814058957,74,60,1,1,1,1,1,1,1,0,0,1,1,1,1,1,1,1,1,1,1,1,1,1,1,1,1,1,1,1
144.48572879818593,144.78758820861677,79,76,1,1,1,1,1,1,1,1,1,1,1,1,1,1,1,1,1,1,1,1,1,1,1,1,1,1
144.14903945578232,144.3347990929705,80,80,1,1,1,1,1,1,1,1,1,1,1,1,1,1,1,1
143.8007401360544,144.0561596371882,74,68,1,1,1,1,1,1,1,1,1,1,1,1,1,1,1,1,1,1,1,1,1,1
143.46405079365078,143.6149804988662,75,68,0,0,0,1,1,1,1,1,1,1,1,1,1
143.45244081632652,143.59176054421766,87,36,0,0,0,0,0,1,1,1,1,1,1,1
143.24346122448978,143.38278095238095,79,64,1,1,1,1,1,1,1,1,1,1,1,1
143.1157514739229,143.33634104308388,67,39,1,1,1,1,1,1,1,1,1,1,1,1,1,1,1,1,1,1,1
142.77777823129253,142.98675782312924,68,74,0,1,1,1,1,1,1,1,1,1,1,1,1,1,1,1,1,1
142.76616825396826,142.9054879818594,80,34,0,0,1,1,1,1,1,1,1,1,1,1
142.53396870748298,142.6848984126984,74,66,1,1,1,1,1,1,1,1,1,1,1,1,1
142.42947891156462,142.67328843537416,38,47,1,1,1,1,1,1,1,1,1,1,1,1,1,1,1,1,1,1,1,1,1
142.10439954648527,142.24371927437642,86,55,1,1,1,1,1,1,1,1,1,1,1,1
140.4080589569161,140.61703854875284,80,38,0,0,0,0,0,0,0,0,1,1,0,0,1,1,1,1,1,1
139.6650204081633,139.80434013605444,81,49,1,1,1,1,1,1,0,1,1,1,1,0
134.39023900226755,134.68048843537414,81,47,1,1,2,2,2,1,1,1,1,0,1,0,0,0,0,0,1,1,1,1,1,1,1,1,1
134.21608934240362,134.39023900226755,81,45,-2,-2,-2,0,-1,-1,1,1,1,1,1,1,1,1,1
131.13816145124716,131.39358095238094,74,52,1,1,1,1,1,1,1,1,1,1,1,1,1,1,1,1,1,1,1,1,1,1
131.12655147392292,131.27748117913833,86,45,1,1,1,1,1,1,1,1,1,1,1,1,1
130.83501814058957,130.97433786848075,81,32,1,1,1,1,0,0,1,1,1,1,1,1
130.82340816326533,131.13816145124716,74,60,1,1,1,1,1,1,1,1,1,1,1,0,0,0,0,1,1,1,1,0,0,0,0,1,1,1,1,1
130.6376485260771,130.8001882086168,78,62,2,2,2,1,1,1,1,1,1,1,1,1,1,1
129.9758798185941,130.17324943310658,69,59,1,1,1,1,1,1,1,1,1,1,1,1,1,1,1,1,1
129.61597052154195,129.83656009070296,74,64,0,1,0,1,1,1,1,1,1,1,1,1,1,1,1,1,1,1,1
128.105389569161,128.4188589569161,69,84,1,1,1,1,1,1,1,1,1,1,1,1,1,1,1,1,1,1,1,1,1,1,1,1,1,1,1
127.73387029478457,127.95445986394557,74,75,1,1,1,1,1,1,1,1,1,1,1,1,0,0,1,1,1,1,1
127.25786122448979,127.39718095238095,76,84,2,1,1,1,1,1,1,2,2,2,1,1
126.74573832199547,126.88505804988662,78,80,1,1,1,1,1,1,1,1,1,1,1,1
125.36415102040817,125.61957052154196,74,62,0,1,1,1,1,1,1,1,1,1,1,1,1,1,1,1,1,1,1,1,1,0
124.84041814058958,124.97973786848073,62,54,1,1,1,1,1,1,1,1,1,1,1,1
124.50372879818595,124.70109841269841,69,71,1,1,1,1,1,1,1,1,1,1,1,1,1,1,1,1,1
124.25991927437641,124.44567891156463,38,56,1,1,1,1,1,1,1,1,1,1,1,2,2,2,1,1
123.50527074829932,123.64459047619047,76,69,1,1,1,1,1,1,1,1,1,1,1,1
123.31951111111111,123.47044081632653,50,60,1,1,1,1,1,1,1,1,1,1,1,1,1
123.01636780045351,123.31951111111111,50,40,-1,1,1,1,1,1,1,1,1,1,1,1,1,1,1,1,1,0,0,0,0,0,1,1,1,1,1
122.72611836734694,123.00475782312925,69,77,1,1,1,1,1,1,1,1,1,1,1,1,1,1,1,1,1,1,1,1,1,1,1,1
122.62162857142857,122.87704807256236,50,59,1,1,1,1,1,1,1,1,1,1,1,1,1,1,1,1,1,1,1,1,1,1
122.31976916099774,122.551968707483,74,61,1,1,1,1,1,1,1,1,1,1,1,1,1,1,1,1,1,1,1,1
122.31976916099774,122.62162857142857,50,53,1,1,1,1,1,1,1,1,1,1,1,1,1,1,1,1,1,1,1,1,1,1,1,1,1,1
122.27332925170067,122.52874875283446,62,61,1,1,1,1,1,1,1,1,1,1,1,1,1,1,1,1,1,1,1,0,1,1
121.78571020408162,121.93663990929706,76,75,1,2,2,2,2,2,2,1,1,2,2,2,2
121.61156054421768,121.7624902494331,78,72,1,1,1,1,1,2,1,1,1,1,1,1,1
121.43741088435374,121.58834058956916,76,82,1,1,1,1,1,1,1,1,1,1,1,1,1
121.29809115646259,121.44902086167801,78,71,1,1,1,1,1,1,1,1,1,1,1,1,1
120.94850793650794,121.09943764172336,78,73,1,1,1,1,1,1,1,1,1,1,1,1,1
120.93689795918367,121.09943764172336,66,66,1,1,1,1,1,1,1,1,1,1,1,1,1,1
120.57698866213151,121.08782766439909,50,70,1,1,1,1,1,1,1,1,1,1,1,1,1,1,1,1,1,1,1,1,1,1,1,1,1,1,1,1,1,0,0,0,0,0,0,1,1,1,1,1,1,1,1,1
120.27512925170068,120.5189387755102,62,61,1,1,1,1,1,1,1,1,1,1,1,1,1,1,1,1,1,1,1,1,1
120.15902947845805,120.35639909297052,74,76,1,1,1,1,1,1,1,1,1,1,1,1,1,1,1,1,1
119.96165986394557,120.15902947845805,74,58,2,2,2,2,2,2,2,2,2,-1,-1,-1,2,2,2,2,2
119.7991201814059,119.96165986394557,74,74,0,0,0,0,0,0,1,1,1,1,1,2,2,2
119.60175056689341,119.7642902494331,62,61,1,1,1,1,1,1,1,1,1,1,1,1,1,1
119.59014058956916,119.7991201814059,74,82,0,1,1,1,1,1,1,1,1,1,1,2,1,2,1,1,1,0
119.04318775510205,119.671410430839,50,84,1,1,1,1,1,1,1,1,1,1,1,1,1,1,1,1,1,1,1,1,1,1,1,1,1,1,1,1,1,1,1,1,1,1,1,1,1,1,1,1,1,1,1,1,1,1,1,1,1,1,1,1,1,1,1
118.90386802721089,119.04318775510205,50,79,1,1,1,1,1,1,1,1,1,1,1,1
118.71810839002268,118.90386802721089,50,82,1,1,1,1,1,1,1,1,1,1,1,1,1,1,1,1
118.53234875283448,118.71810839002268,50,81,1,1,1,1,1,1,1,1,1,1,1,1,1,1,1,1
118.03311972789116,118.53234875283448,50,90,1,1,1,1,1,1,1,1,1,1,1,1,1,1,1,1,1,1,1,1,1,1,1,1,1,1,1,1,1,1,1,1,1,1,1,1,1,1,1,1,1,1,1
118.0215097505669,118.28853922902495,62,55,1,1,1,1,1,1,1,1,1,1,1,1,1,1,1,1,1,1,1,1,1,1,1
117.53389070294786,118.42785895691611,66,52,0,1,1,1,1,1,1,1,1,1,1,1,1,1,1,1,1,1,1,1,1,1,1,1,1,1,1,1,1,1,1,1,1,1,1,1,1,1,1,1,1,0,0,0,1,1,1,1,1,1,1,1,1,1,1,1,1,1,1,1,1,1,1,1,1,1,1,1,1,1,1,1,1,1,1,1,1
117.53389070294786,118.03311972789116,50,85,1,1,1,1,1,1,1,1,1,1,1,1,1,1,1,1,1,1,1,1,1,1,1,1,1,1,1,1,1,1,1,1,1,1,1,1,1,1,1,1,1,1,1
117.34813106575965,117.61516054421769,62,42,1,1,1,1,1,1,1,1,1,1,1,1,1,1,1,1,1,1,1,1,1,1,1
117.34813106575965,117.53389070294786,50,77,1,1,1,1,1,1,1,1,1,1,1,1,1,1,1,1
117.33652108843538,117.53389070294786,66,60,1,1,1,1,1,1,1,1,1,1,1,1,1,1,1,0,0
116.84761814058957,117.12625759637189,62,55,1,1,1,1,1,1,1,1,1,1,1,1,1,1,1,1,1,1,1,1,1,1,1,1
116.84761814058957,117.34813106575965,50,86,1,1,1,1,1,1,1,1,1,1,1,1,1,1,1,1,1,1,1,1,1,1,1,1,1,1,1,1,1,1,1,1,1,1,1,1,1,1,1,1,1,1,1,1
116.336779138322,116.7431283446712,62,57,1,1,1,1,1,1,1,1,1,1,1,1,1,1,1,1,1,1,1,1,1,1,1,1,1,1,1,1,1,1,1,1,1,1,1
116.336779138322,116.84761814058957,50,84,1,1,1,1,1,1,1,1,1,1,1,1,1,1,1,1,1,1,1,1,1,1,1,1,1,1,1,1,1,1,1,1,1,1,1,1,1,1,1,1,1,1,1,1
116.32516916099773,117.33652108843538,66,67,1,1,1,1,1,1,1,1,1,1,1,1,1,1,1,1,1,1,1,1,1,1,1,1,1,1,1,1,1,1,1,1,1,1,1,1,1,1,1,1,1,1,1,1,1,1,1,1,1,1,1,1,1,1,1,1,1,1,1,1,1,1,1,1,1,1,1,1,1,1,1,1,1,1,1,1,1,1,1,1,1,1,1,1,1,0,0,0
115.81433015873016,116.32516916099773,66,57,1,1,1,1,1,1,1,1,1,1,1,1,1,0,1,1,1,1,1,1,1,1,1,1,1,1,1,1,1,1,1,1,1,1,1,1,1,1,1,1,1,1,1,1
115.81433015873016,116.336779138322,62,48,1,1,1,1,1,1,1,1,1,1,1,1,1,1,1,1,1,1,1,1,1,1,1,1,1,1,1,1,1,1,1,1,1,1,1,1,1,1,1,1,1,1,1,1,1
115.81433015873016,116.336779138322,50,79,1,1,1,1,1,1,1,1,1,1,1,1,1,1,1,1,1,1,1,1,1,1,1,1,1,1,1,1,1,1,1,1,1,1,1,1,1,1,1,1,1,1,1,1,1
115.31510113378685,115.81433015873016,66,66,1,1,1,1,1,1,1,1,1,1,1,1,1,1,1,1,1,1,1,1,1,1,1,1,1,1,1,1,1,1,1,1,1,1,1,1,1,1,1,1,1,1,1
115.31510113378685,115.73306031746033,62,66,1,1,1,1,1,1,1,1,1,1,1,1,1,1,1,1,1,1,1,1,1,1,1,1,1,1,1,1,1,1,1,1,1,1,1,1
115.31510113378685,115.64018049886621,38,45,1,1,1,1,1,1,1,1,1,1,1,1,1,1,1,1,1,1,1,1,1,1,1,1,1,1,1,1
115.30349115646258,115.81433015873016,50,74,1,1,1,1,1,1,1,1,1,1,1,1,1,1,1,1,1,1,1,1,1,1,1,1,1,1,1,1,1,1,1,1,1,1,1,1,1,1,1,1,1,1,1,1
114.82619818594104,115.30349115646258,50,68,1,1,1,1,1,1,1,1,1,1,1,1,1,1,1,1,1,1,1,1,1,1,1,1,1,1,1,1,1,1,1,1,1,1,1,1,1,1,1,1,1,1
114.80297823129251,115.31510113378685,66,53,1,1,1,1,1,1,1,1,1,1,1,1,1,1,1,1,1,1,1,1,1,1,1,1,1,1,1,1,1,1,1,1,1,1,1,1,1,1,1,1,1,1,0,0,0
114.80297823129251,115.31510113378685,62,66,1,1,1,1,1,1,1,1,1,1,1,1,1,1,1,1,1,1,1,1,1,1,1,1,1,1,1,1,1,1,1,1,1,1,1,1,1,1,1,1,1,1,1,1,1
114.46628888888888,114.69848843537414,78,68,1,1,1,1,1,1,1,1,1,1,1,1,1,1,1,1,1,1,1,1
113.29368117913832,113.85096009070296,86,52,1,1,1,1,1,1,1,1,1,1,1,1,1,1,1,1,1,1,1,1,1,1,1,1,1,1,1,1,1,1,1,1,1,1,1,1,1,1,1,1,1,1,1,1,1,1,1,1
113.1530775510204,113.29368117913832,86,76,1,1,1,1,1,1,1,1,1,1,1,1,1
113.1530775510204,113.92061995464853,74,65,1,1,1,1,1,1,1,1,1,1,0,0,1,1,1,1,1,1,1,1,1,1,1,1,1,1,1,1,1,1,1,1,1,1,1,1,1,1,1,1,1,1,1,1,1,1,1,1,1,1,1,1,1,1,1,1,1,1,1,1,1,1,1,1,1,1,1
113.14146757369615,113.38656099773243,62,71,1,1,1,1,1,1,1,1,1,1,1,1,1,1,1,1,1,1,1,1,1,1
112.41003900226757,112.57257868480725,66,63,1,1,1,1,1,1,1,1,1,1,1,1,1,1
112.39842902494331,112.94409795918367,78,61,1,1,1,1,1,1,1,1,1,1,1,1,1,1,1,1,1,1,1,1,1,1,1,1,1,1,1,1,1,1,1,1,1,1,1,1,1,1,1,1,1,1,1,1,1,1,1
112.10817959183673,112.39842902494331,78,87,1,1,1,1,1,1,1,1,1,1,1,1,1,1,1,1,1,1,1,1,1,1,1,1,1
112.07334965986395,112.41003900226757,66,64,1,1,1,1,1,1,1,1,1,1,1,1,1,1,1,1,1,1,1,1,1,1,1,1,1,1,1,1,1
111.73666031746032,112.00368979591836,76,79,1,1,1,1,1,1,1,1,1,1,1,1,1,1,1,1,1,1,1,1,1,1,1
110.73691836734693,111.08521768707483,66,45,1,1,1,1,1,1,1,1,1,1,1,1,1,0,1,1,1,1,1,1,1,1,1,1,1,1,1,1,1,1
110.6208185941043,111.34192108843537,78,71,1,1,1,1,1,1,1,1,1,1,1,1,1,1,1,1,1,1,1,1,1,1,1,1,1,1,1,1,1,1,1,1,1,1,1,1,1,1,1,1,1,1,1,1,1,1,1,1,1,1,1,1,1,1,1,1,1,1,1,1,1,1,1
110.42344897959183,110.6208185941043,78,76,1,1,1,1,1,1,1,1,1,1,1,1,1,1,1,1,1
110.2725192743764,110.55115873015872,50,65,0,0,1,1,1,1,1,1,1,1,1,1,1,1,1,1,1,1,1,1,1,1,1,1
110.2725192743764,110.48149886621314,38,59,1,1,1,1,1,1,1,1,1,1,1,1,1,1,1,1,1,1
109.9938798185941,110.42344897959183,78,87,1,1,1,1,1,1,1,1,1,1,1,1,1,1,1,1,1,1,1,1,1,1,1,1,1,1,1,1,1,1,1,1,1,1,1,1,1
109.81973015873015,109.9938798185941,78,95,1,1,1,1,1,1,1,1,1,1,1,1,1,1,1
109.66880045351473,109.85456009070295,61,51,1,1,1,1,1,1,1,1,1,1,1,1,1,1,1,1
109.66880045351473,109.91260997732425,50,56,1,1,1,1,1,1,1,1,1,1,1,1,1,1,1,1,1,1,1,1,1
109.65719047619046,109.901,97,48,1,1,1,1,1,1,1,1,1,1,1,1,1,1,1,1,1,1,1,1,1
109.65719047619046,109.81973015873015,78,98,1,1,1,1,1,1,1,1,1,1,1,1,1,1
109.65719047619046,110.00548979591836,66,61,1,1,1,1,1,1,1,1,1,1,1,1,1,1,1,1,1,1,1,1,1,1,1,1,1,1,1,1,1,1
109.64558049886621,109.92421995464852,54,50,1,1,1,1,1,1,1,1,1,1,1,1,1,1,1,1,1,1,1,1,1,1,1,1
109.63397052154194,110.00548979591836,38,64,0,0,1,1,1,1,1,1,1,1,1,1,1,1,1,1,1,1,1,1,1,1,1,1,1,1,1,1,1,1,1,1
109.50626077097505,109.65719047619046,97,56,1,1,1,1,1,1,1,1,1,1,1,1,1
109.49465079365079,109.65719047619046,78,90,1,1,1,1,1,1,1,1,1,1,1,1,1,1
109.37855102040815,109.75007029478458,69,44,1,1,1,1,1,1,1,1,1,1,1,1,1,1,1,1,1,1,1,1,1,1,1,1,1,1,1,1,1,1,1,1
109.3669410430839,109.65719047619046,66,62,1,1,1,1,1,1,1,1,1,1,1,1,1,1,1,1,1,1,1,1,1,1,1,1,1
109.35533106575963,109.50626077097505,97,59,1,1,1,1,1,1,1,1,1,1,1,1,1
108.6574485260771,109.63397052154194,38,64,1,1,1,1,1,1,1,1,1,1,1,1,1,1,1,1,1,1,1,1,1,1,0,1,1,1,1,1,1,1,1,1,1,1,1,1,1,1,1,1,1,1,1,1,1,1,1,1,1,1,1,1,1,1,1,1,1,1,1,1,1,1,2,2,1,1,1,1,1,1,1,1,1,1,1,1,1,1,0,0,0,0,0,0,0
108.29753922902495,109.3669410430839,66,50,1,1,1,1,1,1,1,1,1,1,1,1,1,1,1,1,1,1,1,1,1,1,1,1,1,1,1,1,1,1,1,1,1,1,0,0,0,0,1,1,0,0,0,0,0,0,0,0,1,1,1,1,1,1,1,1,1,1,1,1,1,1,1,1,1,1,1,1,0,0,1,1,1,1,1,1,1,1,1,1,1,1,1,1,1,1,1,1,1,1,1,1,1
107.60094058956916,107.8447501133787,66,73,1,1,1,1,1,1,1,1,1,1,1,1,1,1,1,1,1,1,1,1,1
107.60094058956916,108.6574485260771,38,78,1,1,1,1,1,1,1,1,1,1,1,1,1,1,1,1,1,1,1,1,1,1,1,1,1,1,1,1,1,1,1,1,1,1,1,1,1,1,1,1,1,1,1,1,1,1,1,1,1,1,1,1,1,1,1,1,1,1,1,1,1,1,1,1,1,1,1,1,1,1,1,1,1,1,1,1,1,1,1,1,1,1,1,1,1,1,1,1,1,1,1
107.58933061224491,109.50626077097505,50,61,1,1,1,1,1,1,0,1,1,1,1,1,1,1,1,1,1,1,1,1,1,1,1,1,1,1,1,1,1,1,1,1,1,1,1,1,1,1,1,1,1,1,1,1,1,1,1,1,1,1,1,1,1,1,1,1,1,1,1,1,1,1,1,1,1,1,1,1,1,1,1,1,1,1,1,1,1,1,1,1,1,1,1,1,1,1,1,1,1,1,1,1,1,1,1,1,1,1,1,1,1,1,1,1,1,1,1,1,1,1,1,1,1,1,1,1,1,1,1,1,1,1,1,1,1,1,1,1,1,1,1,1,1,1,1,1,1,1,1,1,1,1,1,1,1,1,1,1,1,1,1,1,1,1,1,1,1,1,1,1,1,1,1,1,1,1
107.11203764172336,107.60094058956916,66,68,1,1,1,1,1,1,1,1,1,1,1,1,1,1,1,1,1,1,1,1,1,1,1,1,1,1,1,1,1,1,1,1,1,1,1,1,1,1,1,1,1,1,1
107.11203764172336,107.27457732426303,62,51,1,1,1,1,1,1,1,1,1,1,1,1,1,1
107.11203764172336,107.58933061224491,50,67,1,1,1,1,1,1,1,1,1,1,1,1,1,1,1,1,1,1,1,1,1,1,1,1,1,1,1,1,1,1,1,1,1,1,1,1,1,1,1,1,1,1
107.11203764172336,107.60094058956916,38,77,1,1,1,1,1,1,1,1,1,1,1,1,1,1,2,2,2,1,1,1,1,1,1,1,1,1,1,1,1,1,1,1,1,1,1,1,1,1,1,1,1,1,1
105.56791065759637,105.95103990929705,66,64,1,1,1,1,1,1,1,1,1,1,1,0,0,0,0,0,1,1,1,1,1,1,1,1,1,1,1,1,1,1,1,1,1
104.9745179138322,105.52147074829932,38,66,1,1,1,1,1,1,1,1,1,1,1,1,1,1,1,1,1,1,1,1,1,1,1,1,1,1,1,1,1,1,1,1,1,1,1,1,1,1,1,1,1,1,1,1,1,1,1,1
103.56971065759637,103.87157006802721,62,73,0,0,0,0,0,0,0,0,0,0,0,0,0,0,0,0,0,0,0,0,0,0,0,0,0,1
103.22012743764172,103.44200090702948,56,65,0,0,1,1,1,1,1,1,1,1,1,1,1,1,1,1,1,1,1,1
102.88343809523809,103.11563764172335,62,79,1,1,1,1,0,0,0,0,0,0,0,0,0,0,0,0,0,0,0,0
102.54674875283446,102.83699818594104,63,74,0,0,0,1,1,1,1,1,1,1,1,1,1,1,1,0,0,0,0,1,1,1,1,1,1
102.21005941043083,102.52352879818594,67,72,0,0,0,0,0,0,0,1,1,1,1,1,1,1,1,1,1,1,1,1,1,1,1,1,1,1,1
101.86176009070294,102.11717959183673,68,63,1,1,0,0,1,1,1,1,1,1,1,1,1,1,0,0,0,1,1,1,1,1
101.51346077097506,101.73405034013605,62,79,0,1,1,1,1,1,1,1,1,1,1,1,1,1,1,1,1,1,1
101.17548752834466,101.51346077097506,62,74,1,1,1,1,1,1,1,0,0,0,0,0,1,1,1,0,0,0,1,1,1,1,1,1,0,0,0,0,0,0
100.8504081632653,101.15226757369614,67,72,1,1,1,1,1,1,1,1,1,1,1,1,1,1,1,1,1,1,1,1,1,1,1,1,1,1
100.50210884353741,100.7575283446712,68,59,1,1,1,1,1,1,1,1,1,1,1,1,1,1,1,1,1,1,1,1,1,1
100.16541950113378,100.4092290249433,62,69,0,0,0,0,0,0,0,0,0,0,0,0,0,0,0,1,1,1,1,1,1
99.81712018140588,100.03770975056689,63,70,0,1,1,0,0,0,0,0,0,0,0,0,0,0,0,0,0,0,0
99.48043083900227,99.77068027210883,67,66,0,0,0,0,0,1,1,1,1,1,1,1,1,0,1,1,1,1,1,1,1,1,1,1,1
99.14245759637188,99.35272108843537,68,66,1,1,1,1,1,1,1,1,1,1,1,1,1,1,1,1,1,1,1
98.794158276644,99.06118775510204,62,67,1,1,0,0,0,0,0,0,0,0,0,0,0,0,0,0,0,0,0,0,0,0,0
98.45746893424037,98.794158276644,62,73,1,1,1,1,1,1,1,1,0,0,0,1,1,1,1,1,1,1,1,0,0,0,0,0,0,0,0,0,1
98.10916961451248,98.45746893424037,62,50,1,1,0,0,0,0,0,0,0,0,0,0,0,0,0,0,0,0,0,0,0,0,0,1,1,1,1,1,1,1
97.77248027210885,97.99306984126984,68,65,1,1,1,1,1,1,1,1,1,1,1,1,1,1,1,1,1,1,1
97.42418095238095,97.71443038548753,62,65,0,0,0,0,0,0,0,0,0,0,1,1,1,1,1,1,1,1,1,1,1,1,1,1,1
97.4125709750567,97.57511065759638,50,45,1,1,1,1,1,1,1,1,1,1,1,1,1,1
97.09781768707484,97.34291111111112,63,76,0,0,0,1,1,1,1,1,1,0,0,0,0,0,0,0,0,0,0,0,0,0
96.74951836734694,97.07459773242631,67,70,1,1,1,1,1,1,1,1,1,1,1,1,1,1,1,1,1,1,1,1,1,1,1,1,1,1,1,1
96.4128290249433,96.6682485260771,68,62,0,1,1,1,1,1,1,1,1,1,1,1,1,1,1,1,1,1,1,1,1,1
96.06452970521542,96.29672925170068,62,71,0,0,0,0,0,0,0,0,0,1,1,1,1,1,1,1,0,0,0,0
95.71623038548753,96.06452970521542,62,71,1,1,1,1,1,1,0,0,0,0,0,0,0,0,0,1,1,1,1,1,1,1,1,1,1,1,0,0,1,1
95.3795410430839,95.80911020408163,67,65,1,1,1,1,1,1,1,1,1,1,1,1,1,1,1,1,1,1,1,1,1,1,1,1,0,0,1,1,1,1,1,1,1,1,1,1,1
95.04156780045352,95.32020725623583,68,69,1,1,1,1,1,1,1,1,1,1,1,1,1,1,1,1,1,1,1,1,1,1,1,1
94.70487845804989,94.9835179138322,62,82,1,1,1,1,1,1,1,1,1,1,0,0,0,0,0,0,0,1,1,1,1,1,0,1
94.37979909297052,94.6700485260771,63,82,0,0,0,1,1,1,1,1,1,0,0,0,0,0,0,1,1,1,1,1,1,1,1,1,1
94.0431097505669,94.35657913832199,67,80,1,1,1,1,2,1,1,1,1,1,1,1,1,1,1,1,1,1,1,1,1,1,1,1,0,0,0
93.68320045351474,93.93861995464853,68,73,1,1,1,1,1,1,1,1,1,1,1,1,1,1,1,1,1,1,1,1,1,1
93.33361723356009,93.83413015873016,62,74,0,1,1,1,1,1,1,1,1,1,1,1,0,0,0,0,0,0,0,0,0,0,0,0,1,1,1,1,1,1,1,1,1,1,1,1,1,1,1,1,1,1,1,1
93.10141768707483,93.33361723356009,62,92,1,1,1,1,1,1,1,1,0,0,0,0,0,1,1,1,1,0,0,0
91.97524988662131,92.42803900226757,74,75,1,1,1,1,1,1,1,1,1,1,1,1,1,1,1,0,0,0,0,0,1,1,1,1,1,1,1,1,1,1,1,1,1,0,0,1,1,1,1
91.62695056689343,91.81271020408163,75,75,1,1,1,1,1,1,1,1,0,0,0,0,1,1,1,1
91.3005873015873,91.74305034013605,79,70,1,1,1,1,1,1,1,1,1,1,1,1,1,1,1,1,1,1,1,1,1,1,1,1,1,1,1,1,1,1,1,1,1,1,1,1,1,1,1
90.96389795918367,91.23092743764171,80,61,1,1,1,1,1,1,0,0,0,0,0,0,0,1,0,1,0,0,0,1,1,1,1
90.61559863945577,90.81296825396825,74,77,1,1,1,1,1,1,1,1,1,1,1,1,1,1,1,1,1
90.29051927437641,90.4530589569161,62,61,1,1,1,1,1,1,1,1,1,1,1,1,1,1
89.94221995464852,90.19763945578231,79,78,1,1,1,1,1,1,1,1,1,1,1,1,1,1,1,1,1,1,1,1,1,1
89.93060997732425,90.22085941043083,67,57,1,1,1,1,1,1,1,1,1,1,1,1,1,1,1,1,1,1,1,1,1,1,1,1,1
89.59392063492062,89.76807029478458,80,48,1,1,1,1,1,0,2,2,1,1,1,1,1,1,1
89.58231065759637,89.81451020408163,68,67,1,1,0,0,1,0,0,1,1,1,1,1,1,1,1,1,1,1,1,1
89.26755736961452,89.48943083900227,86,44,1,1,1,1,1,1,1,1,1,1,1,1,1,0,0,0,1,1,1,1
89.26755736961452,89.51265079365079,74,70,1,1,1,1,1,1,1,1,1,1,1,1,1,1,1,1,1,1,1,1,2,2
88.93086802721089,89.1166276643991,75,76,1,1,1,1,1,1,1,0,0,0,1,1,1,1,0,1
88.60578866213153,88.81476825396825,79,80,1,1,1,1,1,1,1,1,1,1,1,1,1,1,1,1,1,1
88.54773877551021,88.83798820861678,67,59,1,1,1,1,1,1,1,1,1,1,1,1,1,1,1,1,1,1,1,1,1,1,1,1,1
88.2342693877551,88.44324897959184,80,67,1,1,1,1,1,1,1,1,1,1,1,1,0,1,1,1,1,1
88.22265941043085,88.3968090702948,68,56,1,1,1,1,1,1,1,1,1,1,1,0,0,0,1
87.94401995464852,88.19943945578231,74,77,1,1,1,1,1,1,1,1,1,1,1,1,1,1,1,1,1,1,1,1,1,1
87.8627501133787,88.01367981859411,50,34,1,1,1,1,1,2,0,0,0,1,1,1,1
87.59572063492064,87.94401995464852,74,83,1,1,1,1,1,1,1,1,1,1,1,1,1,1,1,1,1,1,1,1,1,1,1,1,1,1,1,1,1,1
87.32740725623583,87.59572063492064,74,70,1,1,1,1,1,1,1,0,1,1,1,1,1,1,1,1,1,1,1,1,1,1,1,1
86.87461814058958,87.06037777777777,80,74,1,1,1,1,1,1,2,0,0,1,1,1,1,1,1,0
86.52631882086168,86.82817823129251,74,81,1,1,1,1,1,1,1,1,1,1,1,1,1,1,1,1,1,1,1,1,1,1,1,1,2,2
86.17801950113379,86.43343900226758,75,77,1,1,1,1,1,1,1,1,1,1,1,0,0,0,0,0,0,0,0,0,0,1
85.84133015873016,86.143189569161,79,74,1,1,1,1,1,1,1,1,1,1,1,1,1,1,1,1,1,1,1,1,1,1,1,1,1,1
85.8297201814059,86.15479954648526,67,75,1,1,1,1,1,1,1,1,1,1,1,1,1,1,1,1,1,1,1,1,1,1,1,1,1,1,1,1
85.55108072562358,85.70201043083901,80,75,1,1,1,1,1,1,1,1,1,1,1,0,0
85.24793741496599,85.46981088435375,74,69,1,1,1,1,1,0,0,0,1,1,1,1,1,1,1,1,1,1,1,1
84.82997823129251,84.9925179138322,86,40,1,1,1,1,1,1,1,2,2,1,1,1,1,1
84.82997823129251,84.96929795918368,74,68,1,1,1,1,1,1,0,0,1,1,1,1
84.62099863945578,84.79514829931972,67,82,1,1,1,1,1,1,1,1,1,1,1,1,1,1,1
84.57455873015873,84.7719283446712,79,63,1,1,1,1,1,1,1,1,1,1,1,1,1,1,1,1,1
84.47006893424036,84.62099863945578,67,79,1,1,1,1,1,1,1,1,1,1,1,1,1
84.2378693877551,84.42362902494331,80,63,1,1,1,1,1,1,1,1,1,1,1,1,1,1,1,1
84.13337959183673,84.35396916099774,68,68,1,1,1,1,1,1,1,1,1,1,1,1,1,1,1,1,1,1,1
83.80830022675737,84.1101596371882,74,81,1,1,1,1,1,1,1,1,1,1,1,1,1,1,1,1,1,1,1,1,1,1,1,1,1,1
83.46000090702948,83.59932063492063,87,43,0,0,0,0,0,0,0,0,1,1,1,1
83.44839092970521,83.63415056689342,75,80,0,0,0,1,1,1,1,1,1,0,0,0,0,0,0,0
83.24973741496598,83.4006671201814,67,75,1,1,1,1,1,1,1,1,1,1,1,1,1
83.11041768707483,83.50644081632653,79,63,1,1,1,1,1,1,1,1,1,1,1,1,1,1,1,1,1,1,1,1,1,1,1,1,1,1,1,1,1,1,1,1,1,1,1
83.11041768707483,83.24973741496598,67,65,1,1,1,1,1,1,1,1,1,1,1,1
82.91304807256235,83.06397777777778,80,69,1,1,1,1,1,1,1,1,0,0,0,0,0
82.43703900226757,82.76211836734693,74,79,1,1,1,1,1,1,1,1,1,1,1,1,1,1,1,1,0,1,1,1,1,1,1,1,1,1,1,1
80.69425850340137,80.83357823129252,79,65,1,1,1,1,1,1,1,1,1,1,1,1
80.52010884353741,80.69425850340137,79,52,1,1,1,1,1,1,1,1,1,1,1,1,1,1,1
80.52010884353741,80.75230839002268,67,80,1,1,1,1,1,1,1,1,1,1,1,1,1,1,1,1,1,1,1,1
80.29951927437642,80.52010884353741,67,69,1,1,1,1,1,1,1,1,1,1,1,1,1,1,1,1,1,1,1
79.707410430839,79.85834013605442,86,66,1,1,1,1,1,1,1,1,1,1,1,1,1
79.4390970521542,79.66097052154196,74,53,1,1,1,1,1,1,1,1,1,1,1,1,1,1,1,1,1,1,1,1
79.03274784580499,79.27655736961452,79,46,1,1,1,1,1,1,1,1,1,1,1,1,1,1,1,1,1,1,1,1,1
79.03274784580499,79.36943718820862,67,70,1,1,1,1,1,1,1,1,1,1,1,1,1,1,1,1,1,1,1,1,1,1,1,1,1,1,1,1,1
78.70766848072563,78.8702081632653,80,77,1,1,1,1,1,1,1,1,1,1,1,1,1,0
78.35936916099773,78.56834875283447,86,61,1,1,1,1,1,1,1,1,1,1,1,1,1,1,1,1,1,1
77.65116054421769,77.99945986394559,79,62,1,1,1,1,1,1,1,1,1,1,1,1,1,1,1,1,1,1,1,1,1,1,1,1,1,1,1,1,1,1
77.63955056689343,78.01106984126984,67,60,1,1,1,1,1,1,1,1,1,1,1,1,1,1,1,1,1,1,1,1,1,1,1,1,1,1,1,1,1,1,1,1
77.27835736961451,77.4408970521542,74,54,1,1,1,1,1,1,1,1,1,1,1,1,1,1
77.04615782312925,77.20869750566894,86,57,1,1,1,1,1,1,1,1,1,1,1,1,1,1
76.63980861678004,77.04615782312925,86,63,1,1,1,1,1,1,1,1,1,1,1,1,1,1,1,1,1,1,1,1,1,1,1,1,1,1,1,1,1,1,1,1,1,1,1
76.63980861678004,77.27835736961451,74,60,1,1,1,1,1,1,1,1,1,1,1,1,1,1,1,1,1,1,1,1,1,1,1,1,1,1,1,1,1,1,1,1,1,1,1,1,1,1,1,1,1,1,1,1,1,1,1,1,1,1,1,1,1,1,1
76.32633922902494,76.63980861678004,86,70,1,1,1,1,1,1,1,1,1,1,1,1,1,1,1,1,1,1,1,1,1,1,1,1,1,1,1
76.29150929705216,76.63980861678004,74,53,1,1,1,1,1,1,1,1,0,1,1,1,1,1,2,2,2,1,1,1,1,1,1,2,2,2,2,2,2,1
75.6181306122449,75.83872018140589,86,64,1,1,1,1,1,1,1,1,1,1,1,1,1,1,1,1,1,1,1
75.6181306122449,75.9316,74,57,1,1,1,1,1,1,1,1,1,1,1,1,1,1,1,1,1,1,1,1,1,1,1,1,1,1,1
74.95507800453514,75.10600770975057,79,56,1,1,1,1,1,1,1,1,1,1,1,1,1
74.23525941043084,74.42101904761904,74,61,1,1,1,1,1,1,1,1,1,1,1,1,1,1,1,1
74.22364943310657,74.45584897959183,86,61,1,1,1,1,1,1,1,1,1,1,1,1,1,1,1,1,1,1,1,1
73.91018004535147,74.22364943310657,86,63,1,1,1,1,1,1,1,1,1,1,1,1,1,1,1,1,1,1,1,1,2,2,2,2,1,1,1
73.89857006802721,74.23525941043084,74,79,1,1,1,1,1,1,1,1,1,1,1,1,1,1,1,1,1,1,1,1,1,1,1,1,1,1,1,1,1
73.712810430839,73.87535011337869,67,81,1,1,1,1,1,1,1,1,1,1,1,1,1,1
73.57349070294784,73.82891020408162,79,58,1,1,1,1,1,1,1,1,1,1,1,1,1,1,1,1,1,1,1,1,1,1
73.57349070294784,73.712810430839,67,76,1,1,1,1,1,1,1,1,1,1,1,1
73.30517732426303,73.50383083900226,80,74,1,1,1,1,1,1,1,1,1,1,1,1,1,1,1,1,1,1
72.91043809523809,73.37483718820862,50,57,1,1,1,1,1,1,1,1,1,1,1,1,1,1,1,1,1,1,1,1,1,1,1,1,1,1,1,1,1,1,1,1,1,1,1,1,1,1,1,1
72.89882811791382,73.24712743764172,86,56,1,1,1,1,1,1,1,1,1,1,1,1,1,1,1,1,1,1,1,1,1,1,1,1,1,1,1,1,1,1
72.89882811791382,73.52705079365079,74,66,1,1,1,1,1,1,1,1,1,1,1,1,1,1,1,1,1,1,1,1,1,1,1,1,1,1,1,1,1,1,1,1,1,1,1,1,1,1,1,1,1,1,1,1,1,1,1,1,1,1,1,1,1,1,1
72.35315918367347,72.53891882086167,67,80,1,1,1,1,1,1,1,1,1,1,1,1,1,1,1,1
72.3415492063492,72.56213877551019,50,71,1,1,1,1,1,1,1,1,1,1,1,1,1,1,1,1,1,1,1
72.22544943310658,72.38798911564625,79,57,1,1,1,1,1,1,1,1,1,1,1,1,1,1
72.2138394557823,72.35315918367347,67,81,1,1,1,1,1,1,1,1,1,1,1,1
71.16765759637188,71.37663718820862,86,42,1,1,0,1,1,1,1,1,1,1,1,1,1,1,1,1,1,1
71.16765759637188,72.12095963718821,74,75,1,1,1,1,1,1,1,1,1,1,1,1,1,1,1,1,1,1,1,1,1,1,1,1,1,1,1,0,1,1,1,1,1,1,1,1,1,1,1,1,1,1,1,1,1,1,1,1,1,1,1,1,1,1,1,1,1,1,1,1,1,1,1,1,1,1,1,1,1,1,1,1,1,1,1,1,1,1,1,1,1,1,1
68.48446893424037,69.37843718820862,74,66,1,1,1,1,1,1,1,1,1,1,1,1,1,1,1,1,1,1,1,1,1,1,1,1,1,1,1,1,1,1,1,1,1,1,1,1,1,1,1,1,1,1,1,1,1,1,1,1,1,1,1,1,1,1,1,1,1,1,1,1,1,1,1,1,1,1,1,1,1,1,1,1,1,1,1,1,1
68.12455963718821,68.33353922902495,79,75,1,1,1,1,1,1,1,1,1,1,0,0,0,1,1,1,1,1
68.12455963718821,68.40319909297052,67,65,1,1,1,1,1,1,1,1,1,1,1,1,1,1,1,1,1,1,1,1,1,1,1,1
67.8459201814059,68.00845986394557,80,64,1,1,1,1,1,1,1,1,1,1,1,1,1,1
66.86939818594104,67.38023718820861,67,79,1,1,1,1,1,1,1,1,1,1,1,1,1,1,1,1,1,1,1,1,1,1,1,1,1,1,1,1,1,1,1,1,1,1,1,1,1,1,1,1,1,1,1,1
66.75329841269841,66.92744807256236,79,66,1,1,1,1,1,1,1,1,1,1,1,1,1,1,1
66.43982902494331,66.62558866213152,80,64,1,1,1,1,1,1,1,1,1,1,1,1,1,1,1,1
65.73162040816327,65.88255011337868,86,54,1,1,1,1,1,1,1,1,1,1,1,1,1
65.73162040816327,66.20762947845805,74,78,1,1,1,1,1,1,1,1,1,1,1,1,1,1,1,1,1,1,1,1,1,1,1,1,1,1,1,1,1,1,1,1,1,1,1,1,1,1,1,1,1
65.38203718820861,65.73162040816327,74,83,1,1,1,1,1,1,1,1,1,1,1,1,1,1,1,1,1,1,1,1,1,1,1,1,1,1,1,2,1,1,1
64.6970485260771,64.99890793650793,74,89,1,1,1,1,1,1,1,1,1,1,1,1,1,1,1,1,1,1,1,1,1,1,1,1,1,1
64.37196916099774,64.52289886621315,75,65,0,0,0,1,1,1,1,1,1,1,1,1,1
64.20942947845805,64.45323900226757,67,80,1,1,1,1,1,1,1,1,1,1,1,1,1,1,1,1,1,1,1,1,1
64.02366984126984,64.47645895691609,79,45,1,1,1,1,1,1,1,1,1,1,1,1,1,1,1,1,1,1,1,1,1,1,1,1,1,1,1,1,1,1,1,1,1,1,1,1,1,1,1
63.686980498866205,63.86113015873016,80,67,1,1,1,1,1,1,0,0,0,0,1,1,1,1,1
63.267737414965985,63.594100680272106,74,81,1,1,1,0,0,0,1,1,1,1,1,1,1,1,1,1,1,1,1,1,1,1,1,1,1,1,1,1,1
63.000707936507936,63.267737414965985,74,89,1,1,1,1,1,1,1,1,1,1,1,1,1,1,1,1,1,1,1,1,1,1,1
62.675628571428575,62.989097959183674,79,74,1,1,1,1,1,1,1,1,1,1,1,1,1,1,1,1,1,1,1,1,1,1,1,1,1,1,1
62.675628571428575,62.95426802721089,67,66,1,1,1,1,1,1,1,1,1,1,1,1,1,1,1,1,1,1,1,1,1,1,1,1
61.97902993197279,62.12995963718821,86,49,1,1,1,1,1,1,1,1,1,1,1,1,1
61.97902993197279,62.52469886621315,74,68,1,1,1,1,1,1,1,1,1,1,1,1,1,1,1,1,1,1,1,1,1,1,1,1,1,1,1,1,1,1,1,1,1,1,1,1,1,1,1,1,1,1,1,1,1,1,1
61.455297052154194,61.619120634920634,67,72,1,1,1,1,1,1,1,1,1,1,1,1,1,1,1
61.31597732426304,61.65395056689343,79,57,1,1,1,1,1,1,1,1,1,1,1,1,1,1,1,1,1,1,1,1,1,1,1,1,1,1,1,1,1,1
60.61937868480725,60.921238095238095,74,76,1,1,1,0,0,0,0,0,0,0,0,0,0,0,1,1,1,1,1,1,1,1,1,1,1,1
60.2594693877551,60.61937868480725,74,91,1,0,0,0,0,0,0,0,0,0,1,1,1,1,1,1,1,1,1,1,1,1,1,1,1,1,1,1,1,1,1
52.38276916099773,52.673018594104306,74,83,1,1,1,1,1,1,1,1,1,1,1,1,1,1,1,1,1,1,1,1,1,1,1,1,1
52.09251972789116,52.38276916099773,74,81,2,1,1,1,1,1,1,1,1,1,1,1,1,1,1,1,1,1,1,1,1,1,1,1,1
50.523888888888884,50.72125850340136,67,61,1,1,1,1,1,1,1,1,1,1,1,1,1,1,1,1,1
49.37321723356009,49.955,74,81,1,1,1,1,1,1,1,1,1,1,1,1,1,1,1,1,1,1,1,1,1,1,1,1,1,1,1,1,1,1,1,1,1,1,1,1,1,1,1,1,1,1,1,1,1,1,1,1,1,1,1
49.0249179138322,49.37321723356009,74,77,0,0,0,0,0,0,1,1,1,1,1,0,0,0,0,0,1,1,1,1,1,1,1,1,1,1,1,1,1,1
48.33992925170068,48.83915827664399,74,72,1,1,1,1,1,1,1,1,1,1,1,1,1,1,1,1,1,1,1,1,1,1,1,1,1,1,1,1,1,1,1,1,1,1,1,1,1,1,1,1,1,1,1
47.67687664399093,47.921970068027214,79,68,1,1,1,1,1,1,1,1,1,1,1,1,1,1,1,1,1,1,1,1,1,1
47.67687664399093,48.02645986394558,67,82,1,1,1,1,1,1,1,1,1,1,1,1,1,1,1,1,1,1,1,1,1,1,1,1,1,1,1,1,1,1,1
46.67841859410431,46.92222811791383,74,79,1,1,1,1,1,1,1,1,1,1,1,1,1,1,1,1,1,1,1,1,1
46.30689931972789,46.5855387755102,79,61,1,1,1,1,1,1,1,1,1,1,1,1,1,1,1,1,1,1,1,1,1,1,1,1
46.30689931972789,46.67841859410431,74,46,1,1,1,1,1,1,1,1,1,1,1,1,1,1,1,1,1,1,1,1,1,1,1,1,1,1,1,1,1,1,1,1
45.643846712018146,46.30689931972789,74,60,1,1,1,1,1,1,1,1,1,1,1,1,1,1,1,1,1,1,1,1,1,1,1,1,1,1,1,1,1,1,1,1,1,1,1,1,1,1,1,1,1,1,1,1,1,1,1,1,1,1,1,1,1,1,1,1,1,1
45.63223673469388,45.81928027210884,86,54,1,1,1,1,1,1,1,1,1,1,1,1,1,1,1,1,1
45.086567800453516,45.40003718820862,67,76,1,1,1,1,1,1,1,1,1,1,1,1,1,1,1,1,1,1,1,1,1,1,1,1,1,1,1
44.9356380952381,45.249107482993196,79,42,1,1,1,1,1,1,1,1,1,1,1,1,2,2,1,1,1,1,1,1,1,1,1,1,1,1,1
44.9356380952381,45.086567800453516,67,105,1,1,1,1,1,1,1,1,1,1,1,1,1
44.761488435374154,44.91241814058957,74,61,1,1,1,1,1,1,1,1,1,1,1,1,1
44.38996916099774,44.52928888888889,74,72,1,1,1,1,1,1,0,0,0,0,0,0
44.23903945578232,44.38996916099774,74,98,1,1,1,1,1,1,1,1,1,1,1,1,1
43.90235011337869,44.06488979591837,86,40,1,1,1,1,1,1,1,1,1,1,1,1,1,1
43.87913015873016,44.23903945578232,74,94,1,1,1,1,1,1,1,1,1,1,1,1,1,1,1,1,1,1,1,1,1,1,1,1,1,1,1,1,1,1,1
43.57598684807256,43.75142040816327,86,56,1,1,1,1,1,1,1,1,1,1,1,1,1,1,1,1
43.57598684807256,43.87913015873016,74,80,1,1,1,1,1,1,1,1,1,1,1,1,1,1,1,1,1,1,1,1,1,1,1,1,1,1,1
42.98387800453515,43.20446757369614,74,75,1,1,1,1,1,1,1,1,1,1,1,1,1,1,1,1,1,1,1
42.86777823129252,43.08836780045351,86,51,1,1,1,1,1,1,1,1,1,1,1,1,1,1,1,1,1,1,1
42.21761950113379,42.4962589569161,79,71,1,1,1,1,1,1,1,1,1,1,1,1,1,1,1,1,1,1,1,1,1,1,1,1
42.21761950113379,42.38015918367347,67,64,1,1,1,1,1,1,1,1,1,1,1,1,1,1
41.53134693877551,41.76483038548753,74,78,1,1,1,1,1,1,1,1,1,1,1,1,1,1,1,1,1,1,1,1,1
41.264317460317464,41.53134693877551,74,72,1,1,1,1,1,1,1,1,1,1,1,1,1,1,1,1,1,1,1,1,1,1,1
40.85796825396826,41.14821768707483,79,54,1,1,1,1,1,1,1,1,1,1,1,1,1,1,1,1,1,1,1,1,1,1,1,1,1
40.846358276644,41.17143764172336,67,80,1,1,1,1,1,1,1,1,1,1,1,1,1,1,1,1,1,1,1,1,1,1,1,1,1,1,1,1
40.46322902494332,40.78830839002268,80,62,1,1,1,1,1,1,1,1,1,1,1,1,1,1,1,1,1,1,1,1,1,1,1,1,1,1,1,1
40.172979591836736,40.323909297052154,86,59,2,2,2,1,1,1,1,1,1,1,1,1,1
40.172979591836736,40.35873922902495,74,73,1,1,1,1,1,1,1,1,1,1,1,1,1,1,1,1
39.61441678004535,39.894340136054424,67,80,1,1,1,1,1,1,1,1,1,1,1,1,1,1,1,1,1,1,1,1,1,1,1,1,1
39.49831700680272,39.68407664399093,79,62,1,1,1,1,1,1,1,1,1,1,1,1,1,1,1,1
39.15001768707483,39.32416734693878,80,57,0,1,1,1,1,1,1,1,1,1,1,1,1,1,1
38.801718367346936,39.10357777777778,86,49,1,1,1,1,1,1,1,1,1,1,1,1,1,1,1,1,1,1,1,1,1,1,1,1,1,1
38.790108390022674,39.38221723356009,74,57,1,1,1,1,0,0,1,1,1,1,1,1,1,1,1,1,1,1,1,1,1,1,1,1,1,1,1,1,1,1,1,1,1,1,1,1,1,1,1,1,1,1,1,1,1,1,1,1,1,1,1
38.45341904761905,38.790108390022674,74,84,1,1,1,1,1,1,1,1,0,0,1,0,1,1,1,1,1,1,1,1,1,1,1,1,1,1,1,1,1
36.768688435374145,37.035717913832194,67,80,1,1,1,1,1,1,1,1,1,1,1,1,1,1,1,1,1,1,1,1,1,1,1
36.75707845804988,37.14020770975056,79,52,1,1,1,1,1,1,1,1,1,1,1,1,1,1,1,1,1,1,1,1,1,1,1,1,1,1,1,1,1,1,1,1,1
36.13013968253968,36.30428934240363,86,57,1,1,1,1,1,1,1,1,1,1,1,1,2,1,1
35.72250657596372,35.88633015873015,86,66,1,1,1,1,1,1,1,1,1,1,1,1,1,1,1
35.71089659863946,36.32750929705215,74,72,1,1,1,1,1,1,1,1,1,1,1,1,1,1,1,1,1,1,1,1,1,1,1,1,1,1,1,1,1,1,1,1,1,1,1,1,1,1,1,1,1,1,1,1,1,1,1,1,1,1,1,1,1,1
35.39742721088435,35.60640680272109,79,70,0,0,1,1,1,1,1,1,1,1,1,1,1,1,1,1,1,1
35.39742721088435,35.65284671201814,67,59,0,1,1,1,1,1,1,1,1,1,1,1,1,1,1,1,1,1,1,1,1,1
34.73565850340136,35.00268798185941,74,60,0,0,1,1,1,1,1,1,1,1,1,1,1,1,1,1,1,1,1,1,1,1,1
34.15515963718821,34.39896916099774,67,90,1,1,1,1,1,1,1,1,1,1,1,1,1,1,1,1,1,1,1,1,1
34.02744988662132,34.433799092970524,79,59,1,1,1,1,1,1,1,1,1,1,1,1,1,1,1,1,1,1,1,1,1,1,1,1,1,1,1,1,1,1,1,1,1,1,1
33.724306575963716,33.88813015873016,80,61,0,1,1,1,1,1,1,1,1,1,1,1,1,1,1
33.3527873015873,33.561766893424036,86,47,0,1,1,1,1,1,1,1,1,1,1,1,1,1,1,1,1,1
33.329567346938774,33.74752653061224,74,81,1,1,1,1,1,1,1,1,1,1,1,1,1,1,1,1,1,1,1,1,1,1,1,1,1,1,1,1,1,1,1,1,1,1,1,1
32.99287800453514,33.329567346938774,74,93,1,1,1,1,1,1,1,1,1,1,1,1,1,1,1,1,1,1,1,1,1,1,1,1,1,1,1,1,1
32.69101859410431,32.99287800453514,74,76,1,1,1,1,1,1,1,1,1,1,1,1,1,1,1,1,1,1,1,1,1,1,1,1,1,1
32.679408616780044,32.8187283446712,86,60,1,1,1,1,1,1,1,1,1,1,1,1
31.30814739229025,31.668056689342404,79,66,1,1,1,1,1,1,1,1,1,1,1,1,1,1,1,1,1,1,1,1,1,1,1,1,1,1,1,1,1,1,1
31.00628798185941,31.261707482993195,80,69,1,1,1,1,1,1,1,1,1,1,1,1,1,1,1,1,1,1,1,1,1,1
30.43739909297052,30.843748299319728,74,63,1,1,1,1,1,1,1,1,1,1,2,2,2,2,1,1,1,1,1,1,1,1,1,1,1,1,1,1,1,1,1,1,1,1,1
29.949780045351474,30.240029478458048,79,74,1,1,1,1,1,1,1,1,1,1,1,1,1,1,1,1,1,1,1,1,1,1,1,1,1
29.251897505668932,29.635026757369612,74,78,1,1,1,1,1,1,1,1,1,1,1,1,1,1,1,1,1,1,0,0,0,1,1,1,2,2,2,1,1,1,1,1,1
28.70622857142857,28.950038095238096,67,84,1,1,1,1,1,1,1,1,1,1,1,1,1,1,1,1,1,1,1,1,1
28.578518820861678,28.74105850340136,79,59,1,1,1,1,1,1,1,1,1,1,1,1,1,1
28.230219501133785,28.381149206349207,80,50,1,1,1,1,1,1,1,1,1,1,1,1,1
27.893530158730158,28.148949659863945,74,82,1,1,1,1,1,1,1,1,1,1,1,1,1,1,1,1,1,1,1,1,1,1
27.671656689342402,27.893530158730158,74,87,1,1,1,1,1,1,1,1,1,1,1,1,1,1,1,1,1,1,1,1
26.185579591836735,26.34811927437642,75,85,1,1,1,1,1,1,1,1,1,1,1,1,1,1
25.848890249433108,26.12752970521542,79,62,-1,0,1,1,1,1,1,1,1,1,0,1,1,1,1,1,1,1,1,1,1,1,1,1
25.837280272108842,26.185579591836735,67,73,1,1,1,1,1,1,1,1,1,1,1,1,1,1,1,1,0,0,1,1,1,1,1,1,1,1,1,1,1,1
25.49930702947846,25.766336507936508,80,53,0,1,1,1,1,1,0,2,2,1,1,1,1,1,1,1,1,1,1,1,1,1,1
24.8259283446712,25.406427210884356,74,62,1,1,1,1,1,1,1,1,1,1,1,1,1,1,1,1,1,1,1,1,1,0,0,0,0,1,1,1,1,1,1,1,1,1,1,1,1,1,1,1,1,1,0,0,0,0,0,1,1,1
24.489239002267574,24.7330485260771,79,70,1,1,1,1,1,1,1,1,1,1,1,1,1,1,1,1,1,1,1,1,1
23.83779637188209,24.071279818594103,74,77,1,1,1,1,1,1,1,1,1,1,1,1,1,0,0,0,0,0,0,0,0
23.81457641723356,23.9784,86,58,1,1,1,1,1,1,1,1,1,1,1,1,1,1,1
23.46627709750567,23.69847664399093,75,66,0,0,1,1,1,1,1,1,1,1,1,1,1,1,1,1,1,1,1,1
23.257297505668934,23.710086621315195,67,65,1,1,1,1,1,1,1,1,1,1,1,1,1,1,1,1,1,2,1,1,1,1,1,1,1,1,1,1,1,1,1,1,1,1,1,1,1,1,1
23.12958775510204,23.570766893424036,79,48,1,1,1,1,1,1,1,1,1,1,1,0,0,0,0,0,0,0,0,0,1,1,1,1,1,1,1,1,1,1,1,1,1,1,1,1,1,1
23.117977777777778,23.257297505668934,67,83,1,1,1,1,1,1,1,1,1,1,1,1
22.78128843537415,23.025097959183675,80,47,0,0,0,0,0,0,0,0,0,0,0,0,1,1,1,1,1,1,1,1,1
22.432989115646258,22.723238548752835,74,77,1,1,1,1,1,1,1,1,1,1,1,1,1,1,1,1,1,1,1,1,1,1,1,1,1
22.073079818594106,22.432989115646258,74,77,1,1,1,1,1,1,1,1,1,1,1,1,0,0,0,0,0,0,1,1,1,1,1,2,1,1,1,1,1,1,1
21.758326530612248,22.026639909297053,67,71,1,1,1,1,1,1,1,1,1,1,1,1,1,1,1,1,1,1,1,1,1,1,1,1
21.096557823129253,21.38680725623583,74,82,1,1,1,1,1,1,1,1,1,1,1,1,1,1,1,1,1,1,1,1,1,1,1,1,1
20.5160589569161,20.771478458049888,67,75,1,1,1,1,1,1,1,1,1,1,1,1,1,1,1,1,1,1,1,1,1,1
20.05165986394558,20.28385941043084,80,76,1,1,1,1,1,1,1,1,1,1,1,1,1,1,1,1,1,1,1,1
19.71368662131519,19.889120181405897,86,48,1,1,1,1,1,1,1,1,1,1,1,1,1,1,1,1
19.71368662131519,19.970390022675737,74,69,1,1,1,1,1,1,1,1,1,1,1,1,1,1,1,1,1,1,1,0,0,1,1
19.44665714285714,19.71368662131519,74,79,1,0,0,0,1,1,1,0,0,0,1,1,1,1,1,1,1,1,1,1,1,1,1
19.156407709750564,19.376997278911563,67,84,1,1,1,1,1,1,1,1,1,1,1,1,1,1,1,1,1,1,1
19.040307936507936,19.202847619047617,79,69,0,0,1,1,1,1,1,1,1,1,0,0,0,0
18.343709297052154,18.575908843537412,86,56,1,1,1,1,1,1,1,1,1,1,1,1,1,1,1,1,1,1,1,1
18.343709297052154,18.78488843537415,74,76,1,1,1,1,1,1,1,1,1,1,1,1,1,1,1,1,1,1,1,1,1,1,1,1,1,1,1,1,1,1,1,1,1,1,1,1,1,1
18.134729705215417,18.28565941043084,67,68,1,1,1,1,1,1,1,1,1,1,1,1,1
17.715486621315193,18.134729705215417,67,96,1,1,1,1,1,1,1,1,1,1,1,1,1,1,1,1,1,1,1,1,1,1,1,1,1,1,1,1,1,1,1,1,1,1,1,1,1
16.972448072562358,17.193037641723354,74,83,1,1,1,1,1,1,1,1,1,1,1,1,1,1,1,1,1,1,1
16.63575873015873,16.972448072562358,74,94,1,1,1,1,1,1,1,1,1,1,1,1,1,1,1,1,1,1,1,1,1,1,1,1,1,1,1,1,1
15.91594013605442,16.63575873015873,74,69,1,1,1,1,1,1,1,1,1,1,1,1,1,1,1,1,1,1,1,1,1,1,1,1,1,1,1,1,1,1,1,1,1,1,1,1,1,1,1,1,1,1,1,1,1,1,1,1,1,1,1,1,1,1,1,1,1,1,1,1,1,1
15.612796825396826,15.856606349206348,86,56,1,1,1,1,1,1,1,1,1,1,1,1,1,1,1,1,1,1,1,1,1
15.612796825396826,15.91594013605442,74,96,1,1,1,1,1,1,1,1,1,1,1,1,1,1,1,1,1,1,1,1,1,1,1,1,1,1,1
15.28771746031746,15.450257142857142,75,83,1,1,1,1,1,1,1,1,1,1,1,1,1,1
14.951028117913832,15.28771746031746,67,92,1,1,1,1,1,1,1,1,1,1,1,1,1,1,1,1,1,1,1,1,1,1,1,1,1,1,1,1,1
14.695608616780046,14.858148299319728,80,58,1,1,1,1,1,1,1,1,1,1,1,1,0,0
14.219599546485261,14.892978231292517,74,76,1,1,1,1,1,1,1,1,1,1,2,1,1,1,1,1,1,1,1,1,1,1,1,1,1,1,1,1,1,1,1,1,1,1,1,1,1,1,1,1,1,1,1,1,1,1,1,1,1,1,1,1,1,1,1,1,1,1
13.906130158730159,14.219599546485261,74,84,1,1,1,1,1,1,1,1,1,1,1,1,1,1,1,1,1,1,1,1,1,1,1,1,1,1,1
13.614596825396825,13.788746485260772,79,50,-2,-2,1,1,1,1,1,1,1,1,1,1,1,1,1
13.335957369614512,13.533326984126985,74,68,1,1,1,1,1,1,1,1,1,1,1,1,0,1,1,1,1
13.254687528344672,13.463667120181405,80,70,1,1,1,1,1,1,1,1,1,1,1,1,1,1,1,1,1,1
13.24307755102041,13.47527709750567,68,60,1,1,1,1,0,1,1,1,1,1,1,1,1,1,1,1,1,1,1,1
12.964438095238096,13.335957369614512,74,67,1,1,1,1,1,1,1,1,1,1,1,1,1,1,1,1,1,1,1,1,1,1,1,1,1,1,1,1,1,1,1,1
12.22139954648526,12.546478911564627,67,76,1,1,1,1,1,1,1,1,1,1,1,1,1,1,1,1,1,1,1,1,1,1,1,1,1,1,1,1
12.209789569160998,12.5232589569161,79,54,1,1,1,1,1,1,1,1,1,1,1,1,1,1,1,1,1,1,1,1,1,1,1,1,1,1,1
12.209789569160998,12.40715918367347,74,38,1,1,1,1,1,1,1,1,1,1,1,1,1,1,1,1,1
11.883426303854876,12.047249886621316,68,41,1,1,1,1,1,1,1,1,1,1,1,1,1,1,1
11.871816326530613,12.02402993197279,80,78,1,1,1,1,1,1,1,0,0,0,0,0,1,1
11.523517006802722,11.906646258503402,74,79,1,1,1,1,1,1,1,1,1,1,1,0,1,0,0,0,1,1,1,1,1,1,1,1,1,1,1,1,1,1,1,1,1
11.163607709750568,11.523517006802722,74,90,0,0,1,1,1,1,1,1,1,1,1,1,1,1,1,1,1,1,1,1,1,1,1,1,1,1,1,1,1,1,1
10.954628117913833,11.163607709750568,74,63,1,1,1,1,1,1,1,1,1,1,1,1,1,1,1,1,1,1
10.850138321995466,11.244877551020409,79,45,1,1,1,1,1,1,1,1,1,1,1,1,1,1,1,1,1,1,1,1,1,1,1,1,1,1,1,1,1,1,1,1,1,1
10.838528344671202,11.163607709750568,67,85,1,1,1,1,1,1,1,1,1,1,1,1,1,1,1,1,1,1,1,1,1,1,1,1,1,1,1,1
10.467009070294786,10.699208616780046,74,70,1,1,1,1,1,1,1,1,1,1,1,1,1,1,1,1,1,1,1,1
10.165149659863946,10.467009070294786,74,77,1,1,1,1,1,1,1,1,1,1,1,1,1,1,1,1,1,1,1,1,1,1,0,1,1,1
9.478877097505668,9.64141678004535,79,43,1,1,1,1,1,1,2,1,1,1,1,1,1,1
9.478877097505668,9.803956462585033,67,68,1,1,1,1,1,1,1,1,1,1,1,1,1,1,1,1,1,1,1,1,1,1,1,1,1,1,1,1
9.153797732426304,9.316337414965986,80,70,1,1,1,1,1,1,1,1,1,1,1,1,1,1
8.503639002267573,8.666178684807257,62,59,1,1,1,1,1,1,1,1,1,1,1,1,1,1
8.120509750566892,8.445589115646259,79,62,1,1,1,1,1,1,1,1,1,1,1,1,1,1,1,1,1,1,1,1,1,1,1,1,1,1,1,1
8.120509750566892,8.433979138321995,67,79,1,1,1,1,1,1,1,1,1,1,1,1,1,1,1,1,1,1,1,1,1,1,1,1,1,1,1
7.8289764172335605,7.981190022675737,80,57,1,1,1,0,0,1,1,1,1,1,1,1,1,1
7.44584716553288,8.039239909297052,74,59,1,1,1,1,1,1,1,1,1,1,1,1,1,1,1,1,1,1,1,1,1,1,1,1,1,1,1,1,1,1,1,1,1,1,1,1,1,1,1,1,1,1,1,1,1,1,1,1,1,1,1,1
7.44584716553288,7.7128766439909295,62,56,1,1,1,1,1,2,2,2,1,1,1,1,1,1,1,1,1,1,1,1,1,1,1
6.91178820861678,7.387797278911565,67,79,1,1,1,1,1,1,1,1,1,1,1,1,1,1,1,1,1,1,1,1,1,1,1,1,1,1,1,1,1,1,1,1,1,1,1,1,1,1,1,1,1
6.76085850340136,6.91178820861678,67,96,1,1,1,1,1,1,1,1,1,1,1,1,1
6.226799546485261,6.64475873015873,74,65,0,0,0,0,0,0,1,1,1,1,1,1,1,1,1,1,1,1,1,1,1,1,1,1,1,1,1,1,1,1,1,1,1,1,1,1
6.075869841269841,6.226799546485261,74,68,1,1,1,1,1,1,1,1,1,1,1,1,0
6.064259863945578,6.203579591836735,86,58,0,1,1,1,1,1,1,1,1,1,1,1
5.726286621315192,5.865606349206349,74,63,1,1,1,1,1,1,1,1,1,1,1,1
4.716218594104308,4.8671482993197275,86,48,1,1,1,1,1,1,1,1,1,1,1,1,1
4.716218594104308,5.006468027210884,74,76,1,1,1,1,1,1,0,0,0,1,1,1,1,1,1,1,0,0,0,0,0,1,1,1,1
4.367919274376417,4.669778684807256,75,84,0,1,1,1,1,1,1,1,1,0,0,0,0,0,0,0,0,0,0,0,0,1,1,1,1,1
4.019619954648526,4.333089342403628,79,61,1,1,1,1,1,1,1,1,1,0,0,1,1,1,1,1,1,1,1,1,1,1,2,2,2,2,2
4.019619954648526,4.356309297052154,67,64,1,1,1,1,1,1,1,1,1,1,1,1,1,1,1,1,1,1,1,1,1,1,1,1,1,1,1,1,1
3.7048666666666668,3.9602861678004535,68,68,1,1,1,1,1,1,1,1,1,1,1,1,1,0,0,0,0,0,0,0,0,0
3.6932566893424035,3.8557963718820862,80,57,0,0,1,1,1,1,1,1,1,1,1,1,1,0
3.3449573696145123,3.6816467120181406,74,79,1,1,1,1,1,1,1,1,1,1,1,1,1,1,0,0,0,0,0,0,0,0,0,0,0,0,0,1,1
2.9850480725623583,3.159197732426304,86,54,1,1,1,1,1,1,1,1,1,1,1,1,1,1,1
2.9850480725623583,3.3449573696145123,74,74,1,1,1,1,1,1,1,1,1,1,1,1,1,1,0,1,1,1,1,1,1,1,1,1,1,1,1,1,1,1,1
2.671578684807256,2.961828117913832,79,53,0,0,0,0,0,0,1,1,1,1,0,0,0,0,1,1,1,1,1,1,1,1,1,1,1
2.671578684807256,2.938608163265306,67,70,0,0,0,0,0,1,1,1,1,1,1,1,1,1,1,1,1,1,1,1,1,1,1
2.4161591836734693,2.636748752834467,68,72,1,1,1,1,1,1,1,1,1,1,1,1,1,1,1,1,1,1,1
2.323279365079365,2.5090390022675737,80,58,1,1,1,1,1,1,1,1,1,1,1,1,1,1,1,1
1.986590022675737,2.6019188208616777,74,60,1,0,0,1,1,1,1,1,1,1,1,1,1,1,1,0,0,0,0,0,1,1,1,1,1,1,1,1,1,1,1,1,1,1,1,1,1,1,1,1,1,1,1,1,1,1,1,1,1,1,1,1,1
1.6602267573696146,1.9853061224489796,75,80,1,1,1,1,1,1,1,1,1,1,0,0,0,0,0,0,0,0,0,0,0,1,1,1,1,1,1,1
1.6370068027210884,1.811156462585034,87,45,1,0,1,1,1,1,1,1,1,1,1,1,1,1,1
1.3119274376417234,1.5905668934240362,79,54,1,1,1,1,1,1,1,0,0,0,0,1,1,1,1,1,1,1,1,1,1,1,1,0
1.3119274376417234,1.6602267573696146,67,62,1,1,1,1,1,1,1,1,1,1,1,1,1,1,1,1,1,1,1,1,1,1,1,1,1,1,1,1,1,1
0.9636281179138322,1.207437641723356,68,72,1,1,1,1,1,1,1,1,1,1,1,1,1,1,1,1,1,1,0,0,0
0.9520181405895691,1.1261678004535147,80,54,0,0,0,1,1,1,1,1,1,1,1,1,1,1,1
0.615328798185941,0.9404081632653061,74,80,1,1,1,1,0,0,0,0,0,0,0,0,0,0,0,0,0,0,0,0,0,0,0,0,0,0,0,0
0.26702947845804986,0.615328798185941,74,82,1,1,1,1,1,1,1,1,1,1,1,1,1,1,1,1,1,1,1,1,1,1,1,1,1,1,1,1,1,1
105.50986077097507,106.90305804988662,50,79,1,1,1,1,1,1,1,1,1,1,1,1,1,1,1,1,1,1,1,1,1,1,1,1,1,1,1,1,1,1,1,1,1,1,1,1,1,1,1,1,1,1,1,1,1,1,1,1,1,1,1,1,1,1,1,1,1,1,1,1,1,1,1,1,1,1,1,1,1,1,1,1,1,1,1,1,1,1,1,1,1,1,1,1,1,1,1,1,1,1,1,1,1,1,1,1,1,1,1,1,1,1,1,1,1,1,1,1,1,1,1,1,1,1,1,1,1,1,1,1
82.75050839002267,82.90143809523809,80,82,1,1,1,1,1,1,1,1,1,1,1,1,1
39.45187709750567,39.60280680272109,67,77,1,1,1,1,1,1,1,1,1,1,1,1,1
87.16486757369614,87.31579727891156,74,85,-1,-1,1,1,1,1,1,1,1,1,1,1,1
126.37421904761905,126.52514875283447,78,74,1,1,1,1,1,1,1,1,1,1,1,1,1
28.543688888888887,28.69461859410431,67,79,1,1,1,1,1,1,1,1,1,1,1,1,1
127.04759773242631,127.17659138321994,78,73,-4,1,1,1,1,1,1,1,1,1,1,1
92.92726802721089,93.08980770975056,62,78,1,1,1,1,1,1,1,1,1,1,1,1,1,1
109.3321111111111,109.48304081632652,78,74,1,1,1,1,1,1,1,1,1,1,1,1,1
62.838168253968256,62.989097959183674,74,57,1,1,1,1,1,1,1,1,1,1,1,1,1
13.5913768707483,13.835186394557823,67,74,1,1,1,1,1,1,1,1,1,1,1,1,1,1,1,1,1,1,1,1,1
143.09253151927436,143.2318512471655,79,78,2,2,1,1,1,1,1,1,1,1,1,1
74.23525941043084,74.73448843537415,62,63,1,1,1,1,1,1,1,1,1,1,1,1,1,1,1,1,1,1,1,1,1,1,1,1,1,1,1,1,1,1,1,1,1,1,1,1,0,0,0,1,1,1,1
8.271439455782312,9.037697959183673,74,62,1,1,1,1,1,1,1,1,1,1,1,1,1,1,1,1,1,1,1,1,1,1,1,1,1,1,1,1,1,1,1,1,1,1,1,1,1,1,1,1,1,1,1,1,1,1,1,1,1,1,1,1,1,1,1,1,1,1,1,1,1,1,1,1,1,1
126.55997868480726,126.69929841269841,76,72,1,1,1,1,1,1,1,1,1,1,1,1
82.08873968253968,82.42542902494331,74,55,1,1,1,1,1,1,1,1,1,1,1,1,1,1,1,1,1,1,1,1,1,1,1,1,1,1,1,1,1
31.30814739229025,31.633226757369613,67,66,1,1,1,1,1,1,1,1,1,1,1,1,1,1,1,1,1,1,1,1,1,1,1,1,1,1,1,1
106.09035963718821,106.70568843537416,62,62,1,1,1,1,1,1,1,1,1,1,1,1,1,1,1,1,1,1,1,1,1,1,1,1,1,1,1,1,1,1,1,1,1,1,1,1,1,1,1,1,1,1,1,1,1,1,1,1,1,1,1,1,1
48.10772970521542,48.32831927437642,74,48,1,1,1,1,1,1,1,1,1,1,1,1,1,1,1,1,1,1,1
29.08935782312925,29.24028752834467,74,48,1,1,1,1,1,1,1,1,1,1,2,1,1
75.0015179138322,75.25693741496599,67,73,1,1,1,1,1,1,1,1,1,1,1,1,1,1,1,1,1,1,1,1,1,1
91.41797097505669,91.56890068027211,67,67,1,1,1,1,1,1,1,1,1,1,1,1,1
75.39625714285714,75.60652063492064,74,64,1,1,1,1,1,1,1,1,1,1,1,1,1,1,1,1,1,1,1
12.546478911564627,12.685798639455783,75,67,1,1,1,1,1,1,1,1,1,1,1,1
126.88505804988662,127.02437777777779,76,66,1,1,1,1,1,1,1,1,1,1,1,1
105.76528027210885,106.99593786848072,38,60,1,1,1,1,1,1,1,1,1,1,1,1,1,1,1,1,1,1,1,1,1,1,1,1,1,1,1,1,1,1,1,1,1,1,1,1,1,1,1,1,1,1,1,1,1,1,1,1,1,1,1,1,1,1,1,1,1,1,1,1,1,1,1,1,1,1,1,1,1,1,1,1,1,1,1,1,1,1,1,1,1,1,1,1,1,1,1,1,1,1,1,1,1,1,1,1,1,1,1,0,0,1,1,1,1,1
67.05515782312925,67.19447755102041,75,66,-2,1,1,1,1,1,1,1,1,1,1,1
6.737638548752835,6.876958276643991,79,65,1,1,1,1,1,1,1,1,1,1,1,1
50.152369614512466,51.65134058956916,74,55,1,1,1,1,1,1,1,1,1,1,1,1,1,1,1,1,1,1,1,1,1,1,1,1,1,1,1,1,1,1,1,1,1,1,1,1,1,1,1,1,1,1,1,1,1,1,1,1,1,1,1,1,1,1,1,1,1,1,1,1,1,1,1,1,1,1,1,1,1,1,1,1,1,1,1,1,1,1,1,1,1,1,1,1,1,1,1,1,1,1,1,1,1,1,1,1,1,1,1,1,1,1,1,1,1,1,1,1,1,1,1,1,1,1,1,1,1,1,1,1,1,1,1,1,1,1,1,1,1,1
142.05795963718822,142.20888934240364,74,63,1,1,1,1,1,1,1,1,1,1,1,1,1
144.12581950113378,144.35801904761902,68,64,1,1,1,1,1,1,1,1,1,1,1,1,1,1,1,1,1,1,1,1
38.45341904761905,38.790108390022674,86,46,1,1,1,1,1,1,1,1,1,1,1,1,1,1,1,1,1,1,1,1,1,1,1,1,1,1,1,1,1
76.89522811791383,77.23191746031746,67,55,1,1,1,1,1,1,1,1,1,1,1,1,1,1,1,1,1,1,1,1,1,1,1,1,1,1,1,1,1
110.09836961451246,110.26090929705215,50,61,2,2,0,0,1,1,1,1,1,1,1,1,0,0
71.20248752834468,71.79588027210883,62,58,1,1,1,1,1,1,1,1,1,1,1,1,1,1,1,1,1,1,1,1,1,1,1,1,1,1,1,1,1,1,1,1,1,1,1,1,1,1,1,1,1,1,1,1,1,1,1,1,1,1,1,1
131.3819709750567,131.62578049886622,38,55,1,0,0,0,0,1,1,1,1,1,0,1,1,1,1,1,1,1,1,1,1
71.57529070294784,72.32993922902494,50,55,1,1,1,1,1,1,1,1,1,1,1,1,1,1,1,1,1,1,1,1,1,1,1,1,1,1,1,1,1,1,1,1,1,1,1,1,1,1,1,1,1,1,1,1,1,1,1,1,1,1,1,1,1,1,1,1,1,1,1,1,1,1,1,1,1
111.2477573696145,111.55090068027211,66,60,1,1,1,1,1,1,1,1,1,1,1,1,1,1,1,1,1,1,1,1,1,1,1,1,1,1,1
73.72442040816327,73.88696009070294,74,47,1,1,1,1,1,1,1,1,1,1,1,1,1,1
113.63037052154195,113.78130022675737,62,56,1,1,1,1,1,1,1,1,1,1,1,1,1
105.38215102040817,105.56791065759637,62,61,1,1,1,1,1,1,1,1,1,1,1,1,1,1,1,1
76.5004888888889,76.6862485260771,55,55,0,1,1,1,1,1,1,1,1,1,1,1,1,1,1,1
109.02896780045351,109.43660090702947,62,50,1,1,1,1,1,1,1,1,1,1,1,1,1,1,1,1,1,1,1,1,1,1,1,1,1,1,1,1,1,1,1,1,1,1,1,1
120.30995918367347,120.56537868480726,50,61,2,2,2,1,1,1,1,1,1,1,1,1,1,1,1,1,1,1,1,1,1,1
106.17162947845806,106.82178820861678,66,49,1,1,1,1,1,1,1,1,1,1,1,1,1,1,1,1,1,1,1,1,1,1,1,1,1,1,1,1,1,1,1,1,1,1,1,1,1,1,1,1,1,1,1,1,1,1,1,1,1,1,1,1,1,1,1,1
71.54046077097505,71.78427029478458,86,57,1,1,1,1,1,1,1,1,1,1,1,1,1,1,1,1,1,1,1,1,1
21.142997732426306,21.293927437641724,86,57,1,1,1,1,1,1,1,1,1,1,1,1,1
17.320747392290247,17.460067120181407,61,56,1,1,1,1,1,1,1,1,1,1,1,1
73.92179002267574,74.2468693877551,50,54,1,1,1,1,1,1,1,1,1,1,1,1,1,1,1,1,1,1,1,1,1,1,1,1,1,1,1,1
105.18349750566894,105.55630068027212,66,40,0,1,1,1,1,1,1,1,1,1,1,1,1,1,1,1,1,1,1,1,1,1,1,1,1,0,0,0,1,1,1,1,1
76.09413968253968,76.58175873015873,67,55,1,1,1,1,1,1,1,1,1,1,1,1,1,1,1,1,1,1,1,1,1,1,1,1,1,1,1,1,1,1,1,1,1,0,1,1,1,1,1,1,1,1
124.27152925170068,124.43406893424036,50,55,1,1,2,2,1,1,1,1,1,1,1,1,1,1
41.61261678004536,41.741610430839,86,56,1,1,1,1,1,1,1,1,1,1,1,1
125.17839138321996,125.31771111111111,78,56,2,2,2,2,2,2,2,2,1,1,1,1
46.42299909297052,46.597148752834464,67,52,1,1,1,1,1,1,1,1,1,1,1,1,1,1,1
72.7478984126984,72.88721814058957,86,41,1,1,1,1,1,1,1,1,1,1,1,1
15.694066666666666,15.879826303854875,67,58,1,1,1,1,1,1,1,1,1,1,1,1,1,1,1,1
93.34522721088435,93.71803038548752,74,46,1,1,1,1,1,1,1,1,1,1,1,1,1,1,1,1,1,1,0,0,0,1,1,1,1,1,1,1,1,1,1,1,1
1.0913378684807256,1.242267573696145,74,55,0,0,0,0,0,1,1,1,1,1,1,1,1
66.0334798185941,66.31211927437641,50,54,1,1,1,1,1,1,1,1,1,1,1,1,1,1,1,1,1,1,1,1,1,1,1,1
73.03814784580499,73.27034739229025,81,51,1,1,1,1,1,1,1,1,1,1,1,1,1,1,1,1,1,1,1,1
118.71810839002268,119.17089750566895,62,48,1,1,1,1,1,1,1,1,1,1,1,1,1,1,1,1,1,1,1,1,1,1,1,1,1,1,1,1,1,1,1,1,1,1,1,1,1,1,1
67.22930748299319,67.39184716553288,79,54,1,1,1,1,1,1,1,1,1,1,1,1,1,1
54.41579909297052,54.601558730158736,38,54,0,0,0,0,0,1,1,1,1,1,1,1,1,1,1,1
68.84437823129252,69.18106757369615,86,39,1,1,1,1,1,1,1,1,1,1,1,1,1,1,1,1,1,1,1,1,1,1,1,1,1,1,1,1,1
77.91819002267574,78.13877959183674,55,49,1,1,1,1,1,1,1,1,1,1,1,1,1,1,1,1,1,1,1
105.04417777777778,105.18349750566894,62,53,1,1,1,1,1,1,1,1,1,1,1,1
111.38836099773242,111.52768072562358,50,51,1,1,1,1,1,1,1,1,1,1,1,1
135.70345034013607,135.84277006802722,69,51,1,1,1,1,1,1,1,1,1,1,1,1
29.926560090702946,30.123929705215417,67,46,1,1,1,1,1,1,1,1,1,1,0,0,1,1,1,1,1
110.31895918367347,110.51632879818594,66,51,1,1,1,1,1,1,1,1,1,1,1,1,1,1,1,1,1
16.60092879818594,16.75185850340136,86,49,1,1,1,1,1,1,1,1,1,1,1,1,1
77.30157732426304,77.4408970521542,55,51,0,1,1,1,1,1,1,1,1,1,1,1
72.91043809523809,73.14263764172335,62,46,1,1,1,1,1,1,1,1,1,1,1,1,1,1,1,1,1,1,1,1
116.39482902494332,116.63863854875284,38,46,1,1,1,1,1,1,1,1,1,1,1,1,1,1,1,1,1,1,1,1,1
74.40940907029479,74.66482857142857,50,47,1,0,2,1,1,1,1,1,1,1,1,1,1,1,1,1,1,1,1,1,1,1
9.246677551020408,9.420827210884353,68,45,1,1,1,1,1,1,1,1,1,1,1,1,1,1,1
93.38134104308389,93.54388072562358,50,46,1,1,0,0,0,0,0,0,0,1,1,1,1,1
14.277649433106575,14.509848979591837,86,45,1,1,1,1,1,1,1,1,1,1,1,1,2,2,2,2,1,2,2,2
108.39041904761905,108.52973877551021,62,46,1,1,1,1,1,1,1,1,1,1,1,1
19.35377732426304,19.702076643990928,86,38,1,1,1,1,1,1,1,1,1,1,1,1,1,1,1,1,1,1,1,1,1,1,1,1,1,1,1,2,2,1
110.69047845804988,110.8762380952381,50,42,1,1,1,1,1,1,1,1,1,1,1,1,1,1,1,1
74.61838866213152,74.80414829931972,74,38,1,1,1,1,1,1,1,1,1,1,1,1,1,1,1,1
112.119789569161,112.49130884353741,97,39,1,1,1,1,1,1,1,1,1,1,1,1,1,1,1,1,1,1,1,1,1,1,1,1,1,1,1,1,1,1,1,1
117.69643038548753,117.87058004535147,38,43,1,1,1,1,1,1,1,1,1,1,1,1,1,1,1
73.73603038548752,73.94500997732426,62,40,1,1,1,1,1,1,1,1,1,1,1,1,1,1,1,1,1,1
87.37384716553288,87.52606077097506,86,41,1,1,1,1,1,1,1,1,1,1,1,1,1,1
